,Product_Name,Price,Shippment Type,Discount
0,PlayStation 5 Digital Console– God of War™ Ragnarök Bundle,$669.69,Free Shipping,NaN
1,PlayStation PS5 Console,$704.89,Free Shipping,NaN
2,PS5 Bundle - Includes PS5 Console and an Additional DualSense 5 Controller,$748.74,Free Shipping,NaN
3,SONY PLAYSTATION 5 DIGITAL EDITION CONSOLE,$645.69,Free Shipping,6%
4,PlayStation 5 Console - Horizon Forbidden West Bundle,$709.99,Free Shipping,NaN
5,PlayStation 5 Digital Console,$648.10,Free Shipping,NaN
6,PS5 Bundle - Includes PlayStation 5 Console and an Additional Cosmic Red DualSense Controller,$740.00,Free Shipping,NaN
7,PlayStation 5 Disc Bundle + DualSense Wireless Controller + SpiderMan: Miles Morales,$804.94,Free Shipping,NaN
8,PlayStation 5 Disc Edition Horizon Forbidden West Bundle with Ozeal charging station,$725.00,Free Shipping,NaN
9,"SONY Playstation 5 Digital Gaming Console Horizon Forbidden West Bundle, Cefesfy Accessories",$709.99,Free Shipping,NaN
10,"PS5 Bundle: Includes PlayStation 5 Digital Console, Additional Cosmic Red DualSense Controller and PS5 Media Remote",$748.95,Free Shipping,NaN
11,"SONY Playstation 5 Disc Gaming Console Horizon Forbidden West Bundle, JAWFOAL Accessories",$766.99,Free Shipping,NaN
12,PlayStation 5 Digital Edition  Horizon Forbidden West Bundle with Ozeal charging station,$712.99,Free Shipping,NaN
13,Sony PlayStation 5 PS5 Console Digital,$643.80,Free Shipping,5%
14,Sony PlayStation 5 PS5 Console Disc Blu-Ray Version,$699.00,Special Shipping,NaN
15,PlayStation 5 Console,$700.90,Free Shipping,NaN
16,PS5 Core with Extra Blue Dualsense Controller and Accessories Kit,$829.99,Free Shipping,NaN
17,PlayStation 5 Console Disc Version With Extra DualSense Wireless Controller,$759.95,Free Shipping,5%
18,"YPINGK PS5 Vertical Stand with Cooling Fan and Dual Controller Charger - Indicator Lamps and 15 Game Slots, Fast Cooling through Metal Base, PS5 Console Compatible",$49.99 ,$4.08 Shipping,NaN
19,"PlayStation 5 Disc Console  God of War Ragnarok Bundle with Extra Controller, Cefesfy",$780.00,Free Shipping,NaN
20,PS5 Core with Extra Red DualSense Controller and Accessories Kit,$829.99,Free Shipping,NaN
21,"Sony PlayStation 5 Digital Edition Console, JAWFOAL HDMI Cable",$649.98,Free Shipping,NaN
22,PlayStation 5 Disc Edition Horizon Forbidden West Bundle with Two DualSense Controllers and Mytrix Dual Controller Charger,$819.99,Free Shipping,NaN
23,PS5 Core with Extra Purple Dualsense Controller and Accessories Kit,$829.99,Free Shipping,NaN
24,"PS5 Bundle- Includes PlayStation 5 Digital Console, Additional DualSense Controller, PlayStation Media Remote, and DualSense Charging station",$838.99,Free Shipping,NaN
25,Playstation 5 Digital Console with additional DualSense Controller,$649.99,Free Shipping,NaN
26,"PS5 Bundle - Includes Playstation 5 Digital Console, Additional DualSense Controller and HD Camera for PS5",$784.95,Free Shipping,NaN
27,SONY,$770.00,Free Shipping,NaN
28,PS5 Bundle: PS5 Disc Console+DualSense Wireless Controller + Watch Dogs: Legion and SpiderMan: Miles Morales+Ozeal charging station for PS5,$889.00,Free Shipping,NaN
29,PlayStation 5 Disc Console and PlayStation 5 - DualSense Wireless Controller - Midnight Black,$759.94,Free Shipping,NaN
30,Sony PlayStation 5 Disc Edition Horizon Forbidden West Bundle with Extra Controller and Charging Dock - Starlight Blue,$869.00,Free Shipping,NaN
31,"Playstation Console and Playstation VR Bundle - PS5 Disc Version with Wireless Controller, PSVR Headset, Camera, Move Motion Controller, Iron Man Game & Accessories","$1,072.",Free Shipping,NaN
32,"Gaming Console Bundle - Includes PlayStation 5 Digital Console and 1TB SSD Black Xbox Console Version X, JAWFOAL HDMI Cable","$1,399.",Free Shipping,NaN
33,PlayStation 5 Digital Edition with Two DualSense Controllers and Mytrix Dual Controller Charger,$724.99,Free Shipping,NaN
34,"Newest PlayStation 5 Digital Version Video Game Console God of War Ragnarök Bundle, Up to 120 fps, 4K UHD Blu-ray Player, HDMI, USB, w/Pearlite Tech. High Speed HDMI Cable",$699.99,Free Shipping,6%
35,PlayStation 5 Console with Miles Morales Game and Accessories,$879.99,Free Shipping,NaN
36,"PS5 Deluxe bundle: PS5 Disc Version + Wireless Controller+Five Games (Marvel's Spider-Man: Miles Morales, Cyberpunk 2077, Hitman 3, Demon's Soul and Assassin’s Creed Valhalla) +Ozeal Charging Station","$1,199.",Free Shipping,NaN
37,"Newest PlayStation 5 Disc Version Video Game Console God of War Ragnarök Bundle, Up to 120 fps, 4K UHD Blu-ray Player, HDMI, USB, w/Pearlite Tech. High Speed HDMI Cable",$759.99,Free Shipping,NaN
38,"Playstation Console and Playstation VR Bundle - PS5 Digital  Version with Wireless Controller, PSVR Headset, Camera, Move Motion Controller, Iron Man Game & Accessories",$982.99,Free Shipping,NaN
39,Playstation 5 Disc Console with additional DualSense Controller,,Free Shipping,NaN
40,"PS5 bundle: PS5 Disc Version + Wireless Controller+Three Games (Marvel's Spider-Man: Miles Morales, Ratchet & Clank: Rift Apart and Assassin’s Creed Valhalla) +Ozeal Charging Station",$999.00,Free Shipping,NaN
41,"PlayStation 5 Disc Edition Console, AHAGHUG HDMI Cable",$769.99,Free Shipping,NaN
42,PS5 Bundle: Playstation 5 Disc Console+DualSense Wireless Controller + Assassin’s Creed Valhalla and Ozeal charging station for PS5,$849.99,Free Shipping,NaN
43,"PS5 Bundle - Includes PlayStation 5 Digital Console - Additional DualSense Wireless Controller - Pulse 3D Headset, JAWFOAL HDMI Cable","$1,019.",Free Shipping,NaN
44,"Gaming Console Bundle - Includes PlayStation 5 Disc Console and 1TB SSD Black Xbox Console Version X, JAWFOAL HDMI Cable","$1,489.",Free Shipping,NaN
45,PlayStation 5 Digital Edition with Two Controllers White and Midnight Black DualSense and Mytrix Hard Shell Protective Controller Case,$719.99,Free Shipping,6%
46,Ozeal bundle:  Playstation 5 Disc Console Horizon Forbidden West Bundle with 2-pack cleaning cloth and Ozeal cable,$729.99,Free Shipping,NaN
47,PlayStation 5 Digital Edition Horizon Forbidden West Bundle with Two DualSense Controllers and Mytrix Hard Shell Protective Controller Case,$759.99,Free Shipping,NaN
48,PS5 Bundle: Playstation 5 Disc Console+ DualSense Wireless Controller + Ozeal charging station and Headset for PS5+ Two games,$989.00,Free Shipping,NaN
49,PS5 Bundle: PS5 Disc Console+DualSense Wireless Controller + SpiderMan: Miles Morales+Ozeal charging station + Ozeal Carrying Case for PS5,$949.00,Free Shipping,NaN
50,"Sony PlayStation 5 Video Game Console Disc Version with 1 Wireless Controller,  4K Ultra HD, Blu-Ray Player, Up to 120 FPS, Bundle with Pearlite Tech. High Speed HDMI Cable",$779.00,Free Shipping,NaN
51,"PS5 Bundle - Includes PlayStation 5 Console - Additional DualSense Wireless Controller - Pulse 3D Headset - DualSense Charging Station - HD Camera, JAWFOAL HDMI Cable","$1,249.",Free Shipping,NaN
52,PlayStation 5 Disc Edition Horizon Forbidden West Bundle with Two DualSense Controllers and Mytrix Hard Shell Protective Controller Case,$814.99,Free Shipping,NaN
53,Sony Playstation 5 Disc Edition Console with Extra White Controller and 2x Surge FPS Grip Kit Bundle,$839.00,Free Shipping,NaN
54,"PS5 Bundle - Includes PlayStation 5 Digital Console - Pulse 3D Headset, JAWFOAL HDMI Cable",$959.99,Free Shipping,NaN
55,Sony PlayStation 5 Digital Edition Console with Two DualSense Wireless Controller,$789.00,Free Shipping,NaN
56,Sony Playstation 5 Digital Edition Console with Extra White Controller and 2x Pro Gamer Starter Pack 11-Piece Accessory Kit Bundle,$839.00,Free Shipping,NaN
57,"Sony PlayStation 5 Console and an Additional DualSense Wireless Controller - Cosmic Red, Bundle with JAWFOAL HDMI Cable",$859.99,Free Shipping,NaN
58,Sony Playstation 5 Disc Version with Extra DualSense Controller Bundle,$789.94,Free Shipping,NaN
59,Sony PlayStation 5 Digital Edition Horizon Forbidden West Bundle with Extra Controller and Accessory Kit - Starlight Blue,$849.00,Free Shipping,NaN
60,PlayStation 5 Digital Edition Horizon Forbidden West Bundle with Two Controllers White and Cosmic Red DualSense and Mytrix Dual Controller Charger,$759.99,Free Shipping,NaN
61,Sony PlayStation 5 Disc Edition Horizon Forbidden West Bundle with Extra Controller and Charging Dock - Glacier White,$869.00,Free Shipping,NaN
62,PlayStation 5 Disc Edition Horizon Forbidden West Bundle with Two Controllers White and Cosmic Red DualSense and Mytrix Hard Shell Protective Controller Case,$819.99,Free Shipping,NaN
63,PlayStation 5 Disc Edition with Two Controllers White and Midnight Black DualSense and Mytrix Dual Controller Charger,$804.99,Free Shipping,NaN
64,"PS5 Bundle - Includes PlayStation 5 Digital Console - Additional DualSense Wireless Controller - Pulse 3D Headset - DualSense Charging Station - HD Camera, JAWFOAL HDMI Cable","$1,119.",Free Shipping,NaN
65,PlayStation 5 Digital Edition with Two Controllers White and Starlight Blue DualSense and Mytrix Hard Shell Protective Controller Case,$709.99,Free Shipping,NaN
66,Sony Playstation 5 Disc Edition with Extra Controller and Surge Keypad Bundle Galactic Purple,$829.00,Free Shipping,NaN
67,Sony PlayStation 5 Digital Edition Horizon Forbidden West Bundle with Extra Controller and Charging Dock - Nova Pink,$849.00,Free Shipping,NaN
68,PlayStation 5 Digital Edition Horizon Forbidden West Bundle with Two Controllers White and Starlight Blue DualSense and Mytrix Hard Shell Protective Controller Case,$749.99,Free Shipping,NaN
69,Sony PlayStation 5 Disc Edition Horizon Forbidden West Bundle with Extra Controller and Charging Dock - Galactic Purple,$869.00,Free Shipping,NaN
70,Sony PlayStation 5 Digital Edition Horizon Forbidden West Bundle with Extra Controller and Charge Kit - Galactic Purple,$869.00,Free Shipping,NaN
71,Playstation 5 Disc Version with PULSE 3D Wireless Gaming Headset and InBulk Charging Station,$809.00,Special Shipping,NaN
72,"PS5 Bundle - Includes PlayStation 5 Console - Additional DualSense Wireless Controller - Pulse 3D Headset, JAWFOAL HDMI Cable","$1,099.",Free Shipping,NaN
73,Sony PlayStation 5 Digital Edition Horizon Forbidden West Bundle with Extra Controller and Keypad - Midnight Black,$849.00,Free Shipping,NaN
74,"Sony PlayStation 5 Video Game Console Disc Version with 1 Wireless Controller, Bundle with Horizon Forbidden West, Pearlite Tech. Rechargeable Batteries and Charger",$759.00,Free Shipping,NaN
75,PlayStation 5 Disc Edition Horizon Forbidden West Bundle with Two Controllers White and Cosmic Red DualSense and Mytrix Dual Controller Charger,$824.99,Free Shipping,NaN
76,Sony Playstation 5 Disc with Extra Controller and Gamer Starter Pack Bundle Starlight Blue,$829.00,Free Shipping,NaN
77,Sony Playstation 5 Digital Edition Console with Extra White Controller and 2x Surge FPS Grip Kit Bundle,$839.00,Free Shipping,NaN
78,PlayStation 5 Digital Edition Horizon Forbidden West Bundle with Two Controllers White and Nova Pink DualSense and Mytrix Dual Controller Charger,$759.99,Free Shipping,8%
79,"Sony PlayStation 5 Digital Console and an Additional Red DualSense Wireless Controller, Bundle with JAWFOAL HDMI Cable",$859.99,Free Shipping,NaN
80,Sony PlayStation 5 Disc Edition Horizon Forbidden West Bundle with Extra Controller and Keypad - Galactic Purple,$869.00,Free Shipping,NaN
81,"Sony PlayStation 5 Console and an Additional DualSense Wireless Controller - Midnight Black, Bundle with JAWFOAL HDMI Cable",$899.99,Free Shipping,NaN
82,Sony PS5 PlayStation 5 Console Disc Version In Hand - White,$699.00,Free Shipping,9%
83,Sony Playstation 5 Disc with Extra Controller and Surge Battery Pack Bundle Galactic Purple,$829.00,Free Shipping,NaN
84,PlayStation 5 Customization Bundle: Disc Version Console and 2 Wireless Controllers with Mytrix Customized Body Plate - Red,$809.99,Free Shipping,NaN
85,Sony Playstation 5 Digital with Extra Controller and Surge Gamer Starter Pack Galactic Purple Bundle,$829.00,Free Shipping,NaN
86,Sony Playstation 5 Digital with Extra Controller and Surge Battery Pack Bundle Galactic Purple,$829.00,Free Shipping,NaN
87,PlayStation 5 Disc Edition Horizon Forbidden West Bundle with Two Controllers White and Midnight Black DualSense and Mytrix Dual Controller Charger,$814.99,Free Shipping,NaN
88,Sony Playstation 5 Disc with Extra Controller and FPS Grip Kit Nova Pink Bundle,$829.00,Free Shipping,NaN
89,Sony PlayStation 5 Digital Edition Horizon Forbidden West Bundle with Extra Controller and Charging Dock - Galactic Purple,$849.00,Free Shipping,NaN
90,Sony PlayStation 5 Disc Edition Horizon Forbidden West Bundle with Extra Controller and Keypad - Glacier White,$869.00,Free Shipping,NaN
91,Sony PlayStation 5 Disc Edition Horizon Forbidden West Bundle with Extra Controller and Grip Kit - Starlight Blue,$869.00,Free Shipping,NaN
92,Sony Playstation 5 Disc Edition Console with Extra White Controller and 2x Pro Gamer Starter Pack 11-Piece Accessory Kit Bundle,$839.00,Free Shipping,NaN
93,Sony PlayStation 5 Disc Edition Horizon Forbidden West Bundle with Extra Controller and Charging Dock - Cosmic Red,$869.00,Free Shipping,NaN
94,PlayStation 5 Digital Edition Horizon Forbidden West Bundle with Two Controllers White and Midnight Black DualSense and Mytrix Dual Controller Charger,$759.99,Free Shipping,NaN
95,PlayStation 5 Digital Edition Horizon Forbidden West Bundle with Two Controllers White and Starlight Blue DualSense and Mytrix Dual Controller Charger,$749.99,Free Shipping,NaN
96,Sony PlayStation 5 Disc Edition Horizon Forbidden West Bundle with Extra Controller and Charge Kit - Galactic Purple,$869.00,Free Shipping,NaN
97,Sony PlayStation 5 Disc Edition Horizon Forbidden West Bundle with Extra Controller and Grip Kit - Cosmic Red,$869.00,Free Shipping,NaN
98,Sony PlayStation 5 Disc Edition Horizon Forbidden West Bundle with Extra Controller and Accessory Kit - Starlight Blue,$869.00,Free Shipping,NaN
99,DOBE Wireless Handle Charging Dual-Seater Charger For PS5,$26.58 ,Free Shipping,NaN
100,New PlayStation 5 Console - Call of Duty Modern Warfare II Bundle,$740.00,Free Shipping,NaN
101,"Sony Play Station 5 Digital Edition Game Console with 1 Wireless Controller, High Dynamic Range, Up to 120FPS, Bundle with Pearlite Tech. Rechargeable Batteries and Charger",$719.00,Free Shipping,NaN
102,Sony PlayStation 5 PS5 Console Disc Blu-Ray Version Japan Edition Import - [Delayed Delivery],$799.00,Free Shipping,NaN
103,"Playstation 5 Disc Gaming Console Call of Duty Modern Warfare II Bundle, Cefesfy",$745.00,Free Shipping,NaN
104,"Playstation 5 Console and Playstation VR Five-Game Bundle - PS5 Disc Version with Wireless Controller, PS VR headset, PS Camera and stand, PS Camera adaptor for PS5 and PS Store voucher code","$1,399.",Free Shipping,NaN
105,Sony Playstation 5 Digital Edition Console Japan Import,$697.95,Free Shipping,NaN
106,PS5 Bundle: Playstation 5 Digital Console+Black DualSense Wireless Controller + Ozeal charging station and Headset for PS5,$849.00,Free Shipping,NaN
107,Sony Playstation 5 Digital Edition Console Japan Edition Import - [Delayed Delivery],$649.99,Free Shipping,NaN
108,Sony Playstation 5 Digital Edition Console Japan Edition Import - [Delayed Delivery],$649.99,Free Shipping,NaN
109,"Sony PlayStation 5 Video Game Console Digital Version with 1 Wireless Controller, Bundle with Horizon Forbidden West, Pearlite Tech. Rechargeable Batteries and Charger",$699.00,Free Shipping,NaN
110,PS5 Bundle: PS5 Disc Console+Ozeal Body Plate for protection+Ozeal charging station for PS5 controller,$759.00,Free Shipping,NaN
111,PlayStation 5 Digital Edition Console and PlayStation 5 - DualSense Wireless Controller - Midnight Black,$799.95,Free Shipping,NaN
112,"PS5 Bundle - Includes PS5 Digital Console and an Additional DualSense 5 Controller, JAWFOAL HDMI Cable",$818.99,Free Shipping,NaN
113,Sony - PlayStation 5 Digital Edition Console,$697.50,Free Shipping,NaN
114,PlayStation 5 Disc Edition with Two DualSense Controllers and Mytrix Dual Controller Charger,$804.99,Free Shipping,NaN
115,"Playstation 5 Console Disc Edition, Bundle - Additional DualSense Controller and HD Camera, JAWFOAL HDMI Cable",$899.99,Free Shipping,NaN
116,"Sony Playstation 5 PS5 Disc Version Console System,4K-TV Gaming, 8K Output, Japanese Version",$699.00,Free Shipping,NaN
117,PlayStation 5 Digital Edition with Two Controllers White and Cosmic Red DualSense and Mytrix Hard Shell Protective Controller Case,$724.99,Free Shipping,NaN
118,PlayStation 5 Disc Edition Horizon Forbidden West Bundle with Two Controllers White and Starlight Blue DualSense and Mytrix Dual Controller Charger,$814.99,Free Shipping,NaN
119,PlayStation DualSense Wireless Controller  Galactic Purple,$58.99 ,Free Shipping,NaN
120,Sony PlayStation 5 Digital Edition Horizon Forbidden West Bundle with Extra Controller and Grip Kit - Cosmic Red,$819.00,Free Shipping,NaN
121,"Stereo Headset Adapter for PS5 Controller, Headset Audio Controller, Superhuman Hearing, Game & Chat Mix, Sound Enhancer Support 3.5 mm Audio Jack/Type-C Audio Jack Headphones",$34.99 ,Free Shipping,NaN
122,PlayStation 5 Disc Edition Horizon Forbidden West Bundle with Two Controllers White and Nova Pink DualSense and Mytrix Hard Shell Protective Controller Case,$814.99,Free Shipping,NaN
123,PlayStation 5 Disc Edition God of War Ragnarok Bundle with Two Controllers White and Starlight Blue DualSense and Mytrix Dual Controller Charger,$784.99,Free Shipping,NaN
124,Sony PS5 PlayStation 5 Digital Edition Console Bundle - Includes PS5 Console +1 Wireless Controller + Pearlite Tech. High Speed HDMI Cable,$719.00,Free Shipping,NaN
125,"PS5 Bundle - Includes PS5 Console and an Additional DualSense 5 Controller, JAWFOAL HDMI Cable",$839.99,Free Shipping,NaN
126,PlayStation 5 Digital Edition Horizon Forbidden West Bundle with Two DualSense Controllers and Mytrix Dual Controller Charger,$759.99,Free Shipping,NaN
127,"PlayStation 5 Digital Edition Horizon Forbidden West Bundle, an Additional Mytrix Upgraded PS5 Controller with Remappable Back Paddles and Turbo Function, and Hard Shell Protective Controller Case",$799.99,Free Shipping,NaN
128,PlayStation 5 Disc Edition God of War Ragnarok Bundle with Two DualSense Controllers and Mytrix Dual Controller Charger,$784.99,Free Shipping,NaN
129,PlayStation 5 Customization Bundle: Disc Version Console and Wireless Controller with Mytrix Customized Body Plate - Red,$754.99,Free Shipping,NaN
130,PlayStation 5 Disc Edition God of War Ragnarok Bundle with Two Controllers White and Starlight Blue DualSense and Mytrix Hard Shell Protective Controller Case,$779.99,Free Shipping,NaN
131,Sony PlayStation 5 PS5 Disc Edition Video Game Console Bundle - Includes PS5 Console +1 Wireless Controller + Pearlite Tech. Rechargeable Batteries and Charger,$799.00,Free Shipping,NaN
132,PlayStation 5 Disc Edition with Two DualSense Controllers and Mytrix Hard Shell Protective Controller Case,$799.99,Free Shipping,NaN
133,"Sony PlayStation 5 Console and an Additional DualSense Wireless Controller - Starlight Blue, Bundle with JAWFOAL HDMI Cable",$804.99,Free Shipping,NaN
134,Sony PlayStation 5 Digital Edition Horizon Forbidden West Bundle with Extra Controller and Accessory Kit - Cosmic Red,$849.00,Free Shipping,NaN
135,Sony PlayStation 5 Disc Edition Horizon Forbidden West Bundle with Extra Controller and Charge Kit - Starlight Blue,$869.00,Free Shipping,NaN
136,Sony PlayStation 5 Digital Edition Horizon Forbidden West Bundle with Extra Controller and Charge Kit - Starlight Blue,$869.00,Free Shipping,NaN
137,Sony PlayStation 5 Disc Edition Horizon Forbidden West Bundle with Extra Controller and Accessory Kit - Glacier White,$869.00,Free Shipping,NaN
138,"PlayStation 5 Disc Edition Horizon Forbidden West Bundle, an Additional Mytrix Upgraded PS5 Controller with Remappable Back Paddles and Turbo Function, and Hard Shell Protective Controller Case",$854.99,Free Shipping,NaN
139,"PS5 Bundle - Includes PlayStation 5 Console - Pulse 3D Headset, JAWFOAL HDMI Cable","$1,009.",Free Shipping,NaN
140,DOBE TYX-586S Bluetooth Chat Gamepad Keyboard for Xbox One Slim,$25.58 ,Free Shipping,NaN
141,LAY HBP-314 Wireless Bluetooth Handle Two-Seater Charger For PS5,$17.25 ,Free Shipping,NaN
142,Sony PS5 PlayStation 5 Digital Edition Console - Horizon Forbidden West Bundle with PlayStation 5 Video Game Console + 1 Wireless Controller + Pearlite Tech. High Speed HDMI Cable,$799.00,Free Shipping,NaN
143,PlayStation 5 Disc Edition with Two Controllers White and Galactic Purple DualSense and Mytrix Hard Shell Protective Controller Case,$794.99,Free Shipping,NaN
144,PlayStation 5 Customization Bundle: Disc Version Console and 2 Wireless Controllers with Mytrix Customized Body Plate - Yellow,$809.99,Free Shipping,NaN
145,"PS5 Bundle - Includes PlayStation 5 Digital Console - Pulse 3D Headset - DualSense Charging Station - HD Camera, JAWFOAL HDMI Cable","$1,059.",Free Shipping,NaN
146,PlayStation 5 Digital Edition with Two Controllers White and Midnight Black DualSense and Mytrix Dual Controller Charger,$724.99,Free Shipping,NaN
147,PlayStation 5 Digital Edition with Two Controllers White and Galactic Purple DualSense and Mytrix Hard Shell Protective Controller Case,$714.99,Free Shipping,NaN
148,PlayStation 5 Digital Edition God of War Ragnarok Bundle with Two Controllers White and Cosmic Red DualSense and Mytrix Dual Controller Charger,$759.99,Free Shipping,NaN
149,PlayStation 5 Digital Edition with Two DualSense Controllers and Mytrix Hard Shell Protective Controller Case,$719.99,Free Shipping,NaN
150,PlayStation 5 Digital Edition with Two Controllers White and Galactic Purple DualSense and Mytrix Dual Controller Charger,$719.99,Free Shipping,NaN
151,PlayStation 5 Digital Edition with Two Controllers White and Nova Pink DualSense and Mytrix Dual Controller Charger,$724.99,Free Shipping,NaN
152,PlayStation 5 Disc Edition God of War Ragnarok Bundle with Horizon Zero Dawn and Mytrix Controller Case,$754.99,Free Shipping,NaN
153,PlayStation 5 Customization Bundle: Disc Version Console and Wireless Controller with Mytrix Customized Body Plate - Yellow,$754.99,Free Shipping,NaN
154,PlayStation 5 Disc Edition God of War Ragnarok Bundle with Horizon Zero Dawn and Mytrix Controller Charger,$759.99,Free Shipping,NaN
155,"PlayStation 5 Digital Edition Bundle with Additional Mytrix Upgraded PS5 Controller with Remappable Back Paddles and Turbo Function, and Hard Shell Protective Controller Case",$764.99,Free Shipping,NaN
156,PlayStation 5 Disc Edition God of War Ragnarok Bundle with Two Controllers White and Cosmic Red DualSense and Mytrix Hard Shell Protective Controller Case,$784.99,Free Shipping,NaN
157,PlayStation 5 Disc Edition God of War Ragnarok Bundle with Elden Ring and Mytrix Controller Charger,$784.99,Free Shipping,NaN
158,PlayStation 5 Disc Edition God of War Ragnarok Bundle with Two Controllers White and Galactic Purple DualSense and Mytrix Dual Controller Charger,$779.99,Free Shipping,NaN
159,PlayStation 5 Disc Edition with Two Controllers White and Starlight Blue DualSense and Mytrix Hard Shell Protective Controller Case,$799.99,Free Shipping,NaN
160,PlayStation 5 Customization Bundle: Disc Version Console and 2 Wireless Controllers with Mytrix Customized Body Plate - Grey,$809.99,Free Shipping,NaN
161,PlayStation 5 Disc Edition with Two Controllers White and Starlight Blue DualSense and Mytrix Dual Controller Charger,$804.99,Free Shipping,NaN
162,PlayStation 5 Disc Edition with Two Controllers White and Nova Pink DualSense and Mytrix Dual Controller Charger,$804.99,Free Shipping,NaN
163,PlayStation 5 Disc Edition Horizon Forbidden West Bundle with Two Controllers White and Galactic Purple DualSense and Mytrix Hard Shell Protective Controller Case,$804.99,Free Shipping,NaN
164,PlayStation 5 Disc Edition Horizon Forbidden West Bundle with Two Controllers White and Galactic Purple DualSense and Mytrix Dual Controller Charger,$809.99,Free Shipping,NaN
165,PlayStation 5 Digital Edition Horizon Forbidden West Bundle with Two Controllers White and Midnight Black DualSense and Mytrix Hard Shell Protective Controller Case,$759.99,Free Shipping,NaN
166,"PS5 Bundle - Includes PS5 Console, Dualsense 5 Controller, Spider-man: Miles Morales Ultimate Edition",$979.00,Free Shipping,NaN
167,PlayStation 5 Digital Edition Horizon Forbidden West Bundle with Two Controllers White and Nova Pink DualSense and Mytrix Hard Shell Protective Controller Case,$759.99,Free Shipping,NaN
168,Sony PlayStation 5 Digital Edition Horizon Forbidden West Bundle with Extra Controller and Grip Kit - Midnight Black,$849.00,Free Shipping,NaN
169,Sony PlayStation 5 Digital Edition Horizon Forbidden West Bundle with Extra Controller and Charge Kit - Glacier White,$869.00,Free Shipping,NaN
170,"PlayStation 5 Disc Bundle with DualSense Wireless Controller and SpiderMan: Miles Morales, JAWFOAL HDMI Cable",$899.99,Free Shipping,NaN
171,PlayStation 5 Upgraded 1.8TB Disc Edition God of War Ragnarok Bundle with Miles Morales  and Mytrix Controller Case,$899.99,Free Shipping,NaN
172,PlayStation 5 Upgraded 1.8TB Disc Edition God of War Ragnarok Bundle with COD Vanguard and Mytrix Controller Charger,$909.99,Free Shipping,NaN
173,DOBE TP4-026 Bamboo Game CD Card Box Holder Game Video Disc Storage Rack for PS4/Slim/Pro/Xbox One S,$65.52 ,Free Shipping,NaN
174,JYS-P5  Earphone Handle Storage Multifunctional Cooling Base With HUB Handle Contacts Dual-Charge For PS5,$57.42 ,Free Shipping,NaN
175,Sony Playstation 5 Digital Edition with Extra Controller and FPS Grip Kit Nova Pink Bundle,$829.00,Free Shipping,NaN
176,PlayStation 5 Digital Edition Horizon Forbidden West Bundle with Two Controllers White and Galactic Purple DualSense and Mytrix Dual Controller Charger,$749.99,Free Shipping,NaN
177,PlayStation 5 Digital Edition with Two Controllers White and Starlight Blue DualSense and Mytrix Dual Controller Charger,$709.99,Free Shipping,NaN
178,PlayStation 5 Digital Edition with Two Controllers White and Cosmic Red DualSense and Mytrix Dual Controller Charger,$729.99,Free Shipping,NaN
179,PlayStation 5 Disc Edition with Two Controllers White and Midnight Black DualSense and Mytrix Hard Shell Protective Controller Case,$799.99,Free Shipping,NaN
180,Sony PlayStation 5 PS5 Disc Edition Video Game Console - Horizon Forbidden West Bundle with PS5 Video Game Console + 1 Wireless Controller + Pearlite Tech. High Speed HDMI Cable,$819.00,Free Shipping,NaN
181,PlayStation 5 Digital Edition Horizon Forbidden West Bundle with Two Controllers White and Galactic Purple DualSense and Mytrix Hard Shell Protective Controller Case,$749.99,Free Shipping,NaN
182,Sony PlayStation 5 Digital Edition Console,$999.99,Free Shipping,NaN
183,"Wireless Controller Adapter for Switch|Lite,Windows 10/11, Mac, MOIPO Compatible Nintendo Switch Xbox Controller Adapter Supports Switch Pro,PS5/PS4/PS3 and XSX/X1S Bluetooth Controller,Plug and Play",$22.99 ,Free Shipping,NaN
184,PG-XB1006  2.4G Wireless Controller Receiver To PC Receiver For XBOX ONE,$28.96 ,Free Shipping,NaN
185,PlayStation 5 Digital Edition God of War Ragnarok Bundle with Two Controllers White and Nova Pink DualSense and Mytrix Dual Controller Charger,$754.99,Free Shipping,NaN
186,PlayStation 5 Digital Edition God of War Ragnarok Bundle with Two Controllers White and Starlight Blue DualSense and Mytrix Dual Controller Charger,$754.99,Free Shipping,NaN
187,PlayStation 5 Digital Edition God of War Ragnarok Bundle with Two Controllers White and Galactic Purple DualSense and Mytrix Dual Controller Charger,$749.99,Free Shipping,NaN
188,PlayStation 5 Digital Edition with Two Controllers White and Nova Pink DualSense and Mytrix Hard Shell Protective Controller Case,$719.99,Free Shipping,NaN
189,PlayStation 5 Digital Edition God of War Ragnarok Bundle with Two Controllers White and Starlight Blue DualSense and Mytrix Hard Shell Protective Controller Case,$749.99,Free Shipping,NaN
190,PlayStation 5 Digital Edition God of War Ragnarok Bundle with Two DualSense Controllers and Mytrix Dual Controller Charger,$754.99,Free Shipping,NaN
191,PlayStation 5 Digital Edition God of War Ragnarok Bundle with Two Controllers White and Nova Pink DualSense and Mytrix Hard Shell Protective Controller Case,$749.99,Free Shipping,NaN
192,PlayStation 5 Digital Edition God of War Ragnarok Bundle with Two Controllers White and Galactic Purple DualSense and Mytrix Hard Shell Protective Controller Case,$744.99,Free Shipping,NaN
193,PlayStation 5 Digital Edition God of War Ragnarok Bundle with Two Controllers White and Cosmic Red DualSense and Mytrix Hard Shell Protective Controller Case,$754.99,Free Shipping,NaN
194,PlayStation 5 Digital Edition God of War Ragnarok Bundle with Two DualSense Controllers and Mytrix Hard Shell Protective Controller Case,$749.99,Free Shipping,NaN
195,PlayStation 5 Digital Edition God of War Ragnarok Bundle with Two Controllers White and Midnight Black DualSense and Mytrix Dual Controller Charger,$754.99,Free Shipping,NaN
196,PlayStation 5 Digital Edition God of War Ragnarok Bundle with Two Controllers White and Midnight Black DualSense and Mytrix Hard Shell Protective Controller Case,$749.99,Free Shipping,NaN
197,Playstation 5 Disc Edition God of War Ragnarok Bundle with Watch Dogs Legion and Mytrix Controller Case,$739.99,Free Shipping,NaN
198,PlayStation 5 Disc Edition God of War Ragnarok Bundle with God of War and Mytrix Controller Case,$739.99,Free Shipping,NaN
199,PlayStation 5 Disc Edition God of War Ragnarok Bundle with Star Wars Battlefront 2 and Mytrix Controller Case,$739.99,Free Shipping,NaN
200,PlayStation 5 Disc Edition God of War Ragnarok Bundle with The Last of Us and Mytrix Controller Case,$739.99,Free Shipping,NaN
201,PlayStation 5 Disc Edition God of War Ragnarok Bundle with Resident Evil 7 and Mytrix Controller Case,$739.99,Free Shipping,NaN
202,PlayStation 5 Disc Edition God of War Ragnarok Bundle with It Takes Two and Mytrix Controller Case,$744.99,Free Shipping,NaN
203,PlayStation 5 Disc Edition God of War Ragnarok Bundle with Cyberpunk 2077 and Mytrix Controller Case,$744.99,Free Shipping,NaN
204,PlayStation 5 Disc Edition God of War Ragnarok Bundle with Star Wars Battlefront 2 and Mytrix Controller Charger,$744.99,Free Shipping,NaN
205,PlayStation 5 Disc Edition God of War Ragnarok Bundle with Ratchet & Clank and Mytrix Controller Case,$744.99,Free Shipping,NaN
206,PlayStation 5 Disc Edition God of War Ragnarok Bundle with Resident Evil 7 and Mytrix Controller Charger,$744.99,Free Shipping,NaN
207,PlayStation 5 Disc Edition God of War Ragnarok Bundle with The Last of Us and Mytrix Controller Charger,$744.99,Free Shipping,NaN
208,PlayStation 5 Disc Edition God of War Ragnarok Bundle with God of War and Mytrix Controller Charger,$744.99,Free Shipping,NaN
209,Playstation 5 Disc Edition God of War Ragnarok Bundle with Watch Dogs Legion and Mytrix Controller Charger,$744.99,Free Shipping,NaN
210,PlayStation 5 Disc Edition God of War Ragnarok Bundle with Cyberpunk 2077 and Mytrix Controller Charger,$749.99,Free Shipping,NaN
211,PlayStation 5 Disc Edition God of War Ragnarok Bundle with Ratchet & Clank and Mytrix Controller Charger,$749.99,Free Shipping,NaN
212,PlayStation 5 Disc Edition God of War Ragnarok Bundle with Far Cry 6 and Mytrix Controller Case,$749.99,Free Shipping,NaN
213,PlayStation 5 Disc Edition God of War Ragnarok Bundle with Rainbow 6 Extraction and Mytrix Controller Case,$749.99,Free Shipping,NaN
214,PlayStation 5 Disc Edition God of War Ragnarok Bundle with It Takes Two and Mytrix Controller Charger,$749.99,Free Shipping,NaN
215,PlayStation 5 Disc Edition God of War Ragnarok Bundle with Far Cry 6 and Mytrix Controller Charger,$754.99,Free Shipping,NaN
216,PlayStation 5 Disc Edition God of War Ragnarok Bundle with Rainbow 6 Extraction and Mytrix Controller Charger,$754.99,Free Shipping,NaN
217,PlayStation 5 Customization Bundle: Disc Version Console and Wireless Controller with Mytrix Customized Body Plate - Grey,$754.99,Free Shipping,NaN
218,PlayStation 5 Disc Edition God of War Ragnarok Bundle with Resident Evil 8 and Mytrix Controller Case,$754.99,Free Shipping,NaN
219,PlayStation 5 Disc Edition God of War Ragnarok Bundle with Uncharted 4 and Mytrix Controller Case,$754.99,Free Shipping,NaN
220,"PlayStation 5 Digital Edition God of War Ragnarok Bundle, an Additional Mytrix Upgraded PS5 Controller with Remappable Back Paddles and Turbo Function, and Hard Shell Protective Controller Case",$794.99,Free Shipping,NaN
221,PlayStation 5 Disc Edition God of War Ragnarok Bundle with Uncharted 4 and Mytrix Controller Charger,$759.99,Free Shipping,NaN
222,PlayStation 5 Disc Edition God of War Ragnarok Bundle with Resident Evil 8 and Mytrix Controller Charger,$759.99,Free Shipping,NaN
223,PlayStation 5 Disc Edition God of War Ragnarok Bundle with Deathloop and Mytrix Controller Case,$759.99,Free Shipping,NaN
224,PlayStation 5 Disc Edition God of War Ragnarok Bundle with AC Valhalla and Mytrix Controller Case,$764.99,Free Shipping,NaN
225,PlayStation 5 Disc Edition God of War Ragnarok Bundle with Deathloop and Mytrix Controller Charger,$764.99,Free Shipping,NaN
226,PlayStation 5 Disc Edition God of War Ragnarok Bundle with Spider Man Miles Morales and Mytrix Controller Case,$769.99,Free Shipping,NaN
227,PlayStation 5 Disc Edition God of War Ragnarok Bundle with Demon's Souls and Mytrix Controller Case,$769.99,Free Shipping,NaN
228,PlayStation 5 Disc Edition God of War Ragnarok Bundle with AC Valhalla and Mytrix Controller Charger,$769.99,Free Shipping,NaN
229,PlayStation 5 Disc Edition God of War Ragnarok Bundle with Death Stranding and Mytrix Controller Charger,$769.99,Free Shipping,NaN
230,PlayStation 5 Disc Edition God of War Ragnarok Bundle with Death Stranding and Mytrix Controller Case,$769.99,Free Shipping,NaN
231,PlayStation 5 Disc Edition God of War Ragnarok Bundle with Demon's Souls and Mytrix Controller Charger,$769.99,Free Shipping,NaN
232,P,$770.00,Free Shipping,NaN
233,PlayStation 5 Disc Edition God of War Ragnarok Bundle with Ghost of Tsushima Director's Cut and Mytrix Controller Case,$774.99,Free Shipping,NaN
234,PlayStation 5 Disc Edition God of War Ragnarok Bundle with Spider Man Miles Morales and Mytrix Controller Charger,$774.99,Free Shipping,NaN
235,PlayStation 5 Disc Edition God of War Ragnarok Bundle with Dying Light 2 and Mytrix Controller Case,$774.99,Free Shipping,NaN
236,PlayStation 5 Disc Edition God of War Ragnarok Bundle with Ghost of Tsushima and Mytrix Controller Case,$774.99,Free Shipping,NaN
237,PlayStation 5 Disc Edition God of War Ragnarok Bundle with Ghost of Tsushima and Mytrix Controller Charger,$779.99,Free Shipping,NaN
238,PlayStation 5 Disc Edition God of War Ragnarok Bundle with Elden Ring and Mytrix Controller Case,$779.99,Free Shipping,NaN
239,PlayStation 5 Disc Edition God of War Ragnarok Bundle with COD Vanguard and Mytrix Controller Case,$779.99,Free Shipping,NaN
240,PlayStation 5 Disc Edition God of War Ragnarok Bundle with Dying Light 2 and Mytrix Controller Charger,$779.99,Free Shipping,NaN
241,PlayStation 5 Disc Edition God of War Ragnarok Bundle with Ghost of Tsushima Director's Cut and Mytrix Controller Charger,$779.99,Free Shipping,NaN
242,PlayStation 5 Disc Edition God of War Ragnarok Bundle with Two Controllers White and Midnight Black DualSense and Mytrix Hard Shell Protective Controller Case,$779.99,Free Shipping,NaN
243,PlayStation 5 Disc Edition God of War Ragnarok Bundle with COD Vanguard and Mytrix Controller Charger,$784.99,Free Shipping,NaN
244,PlayStation 5 Disc Edition God of War Ragnarok Bundle with Two Controllers White and Galactic Purple DualSense and Mytrix Hard Shell Protective Controller Case,$774.99,Free Shipping,NaN
245,PlayStation 5 Disc Edition God of War Ragnarok Bundle with Two Controllers White and Nova Pink DualSense and Mytrix Hard Shell Protective Controller Case,$779.99,Free Shipping,NaN
246,PlayStation 5 Disc Edition God of War Ragnarok Bundle with Two DualSense Controllers and Mytrix Hard Shell Protective Controller Case,$784.99,Free Shipping,NaN
247,PlayStation 5 Disc Edition God of War Ragnarok Bundle with Two Controllers White and Midnight Black DualSense and Mytrix Dual Controller Charger,$784.99,Free Shipping,NaN
248,PlayStation 5 Disc Edition God of War Ragnarok Bundle with Two Controllers White and Nova Pink DualSense and Mytrix Dual Controller Charger,$784.99,Free Shipping,NaN
249,PlayStation 5 Disc Edition God of War Ragnarok Bundle with Two Controllers White and Cosmic Red DualSense and Mytrix Dual Controller Charger,$789.99,Free Shipping,NaN
250,PlayStation 5 Disc Edition with Two Controllers White and Nova Pink DualSense and Mytrix Hard Shell Protective Controller Case,$799.99,Free Shipping,NaN
251,PlayStation 5 Disc Edition with Two Controllers White and Galactic Purple DualSense and Mytrix Dual Controller Charger,$799.99,Free Shipping,NaN
252,PlayStation 5 Disc Edition Horizon Forbidden West Bundle with Two Controllers White and Midnight Black DualSense and Mytrix Hard Shell Protective Controller Case,$809.99,Free Shipping,NaN
253,PlayStation 5 Disc Edition Horizon Forbidden West Bundle with Two Controllers White and Starlight Blue DualSense and Mytrix Hard Shell Protective Controller Case,$809.99,Free Shipping,NaN
254,Sony PlayStation 5 Disc Edition Horizon Forbidden West Bundle with Extra Controller and Accessory Kit - Cosmic Red,$829.00,Free Shipping,NaN
255,PlayStation 5 Disc Edition Horizon Forbidden West Bundle with Two Controllers White and Nova Pink DualSense and Mytrix Dual Controller Charger,$819.99,Free Shipping,NaN
256,"PlayStation 5 Disc Edition God of War Ragnarok Bundle, an Additional Mytrix Upgraded PS5 Controller with Remappable Back Paddles and Turbo Function, and Hard Shell Protective Controller Case",$824.99,Free Shipping,NaN
257,Sony PlayStation 5 Digital Edition Horizon Forbidden West Bundle with Extra Controller and Grip Kit - Glacier White,$849.00,Free Shipping,NaN
258,Sony PlayStation 5 Digital Edition Horizon Forbidden West Bundle with Extra Controller and Keypad - Nova Pink,$849.00,Free Shipping,NaN
259,Sony PlayStation 5 Digital Edition Horizon Forbidden West Bundle with Extra Controller and Grip Kit - Starlight Blue,$849.00,Free Shipping,NaN
260,Sony PlayStation 5 Digital Edition Horizon Forbidden West Bundle with Extra Controller and Grip Kit - Galactic Purple,$849.00,Free Shipping,NaN
261,Sony PlayStation 5 Digital Edition Horizon Forbidden West Bundle with Extra Controller and Accessory Kit - Galactic Purple,$849.00,Free Shipping,NaN
262,Sony PlayStation 5 Digital Edition Horizon Forbidden West Bundle with Extra Controller and Charging Dock - Cosmic Red,$849.00,Free Shipping,NaN
263,Sony PlayStation 5 Digital Edition Horizon Forbidden West Bundle with Extra Controller and Keypad - Galactic Purple,$849.00,Free Shipping,NaN
264,Sony PlayStation 5 Digital Edition Horizon Forbidden West Bundle with Extra Controller and Charging Dock - Glacier White,$849.00,Free Shipping,NaN
265,Sony PlayStation 5 Digital Edition Horizon Forbidden West Bundle with Extra Controller and Accessory Kit - Nova Pink,$849.00,Free Shipping,NaN
266,Sony PlayStation 5 Digital Edition Horizon Forbidden West Bundle with Extra Controller and Accessory Kit - Midnight Black,$849.00,Free Shipping,NaN
267,Sony PlayStation 5 Digital Edition Horizon Forbidden West Bundle with Extra Controller and Charging Dock - Starlight Blue,$849.00,Free Shipping,NaN
268,Sony PlayStation 5 Digital Edition Horizon Forbidden West Bundle with Extra Controller and Charging Dock - Midnight Black,$849.00,Free Shipping,NaN
269,Sony PlayStation 5 Digital Edition Horizon Forbidden West Bundle with Extra Controller and Keypad - Starlight Blue,$849.00,Free Shipping,NaN
270,Sony PlayStation 5 Digital Edition Horizon Forbidden West Bundle with Extra Controller and Keypad - Cosmic Red,$849.00,Free Shipping,NaN
271,Sony PlayStation 5 Disc Edition Horizon Forbidden West Bundle with Extra Controller and Charge Kit - Midnight Black,$869.00,Free Shipping,NaN
272,Sony PlayStation 5 Disc Edition Horizon Forbidden West Bundle with Extra Controller and Accessory Kit - Midnight Black,$869.00,Free Shipping,NaN
273,Sony PlayStation 5 Disc Edition Horizon Forbidden West Bundle with Extra Controller and Charge Kit - Nova Pink,$869.00,Free Shipping,NaN
274,Sony PlayStation 5 Disc Edition Horizon Forbidden West Bundle with Extra Controller and Accessory Kit - Nova Pink,$869.00,Free Shipping,NaN
275,Sony PlayStation 5 Disc Edition Horizon Forbidden West Bundle with Extra Controller and Charging Dock - Midnight Black,$869.00,Free Shipping,NaN
276,Sony PlayStation 5 Disc Edition Horizon Forbidden West Bundle with Extra Controller and Grip Kit - Glacier White,$869.00,Free Shipping,NaN
277,Sony PlayStation 5 Disc Edition Horizon Forbidden West Bundle with Extra Controller and Keypad - Cosmic Red,$869.00,Free Shipping,NaN
278,Sony PlayStation 5 Disc Edition Horizon Forbidden West Bundle with Extra Controller and Accessory Kit - Galactic Purple,$869.00,Free Shipping,NaN
279,Sony PlayStation 5 Disc Edition Horizon Forbidden West Bundle with Extra Controller and Charge Kit - Cosmic Red,$869.00,Free Shipping,NaN
280,Sony PlayStation 5 Disc Edition Horizon Forbidden West Bundle with Extra Controller and Grip Kit - Midnight Black,$869.00,Free Shipping,NaN
281,Sony PlayStation 5 Disc Edition Horizon Forbidden West Bundle with Extra Controller and Keypad - Midnight Black,$869.00,Free Shipping,NaN
282,Sony PlayStation 5 Disc Edition Horizon Forbidden West Bundle with Extra Controller and Charge Kit - Glacier White,$869.00,Free Shipping,NaN
283,Sony PlayStation 5 Digital Edition Horizon Forbidden West Bundle with Extra Controller and Charge Kit - Nova Pink,$869.00,Free Shipping,NaN
284,Sony PlayStation 5 Digital Edition Horizon Forbidden West Bundle with Extra Controller and Charge Kit - Midnight Black,$869.00,Free Shipping,NaN
285,Sony PlayStation 5 Disc Edition Horizon Forbidden West Bundle with Extra Controller and Keypad - Starlight Blue,$869.00,Free Shipping,NaN
286,Sony PlayStation 5 Disc Edition Horizon Forbidden West Bundle with Extra Controller and Charging Dock - Nova Pink,$869.00,Free Shipping,NaN
287,PlayStation 5 Digital Edition Horizon Forbidden West Bundle with Two Controllers White and Cosmic Red DualSense and Mytrix Hard Shell Protective Controller Case,$759.99,Free Shipping,NaN
288,Sony PlayStation 5 Disc Edition Horizon Forbidden West Bundle with Extra Controller and Charging Dock - Nova Pink,$869.00,Free Shipping,NaN
289,Sony PlayStation 5 Disc Edition Horizon Forbidden West Bundle with Extra Controller and Grip Kit - Galactic Purple,$869.00,Free Shipping,NaN
290,Sony PlayStation 5 Digital Edition Horizon Forbidden West Bundle with Extra Controller and Charge Kit - Cosmic Red,$869.00,Free Shipping,NaN
291,Sony PlayStation 5 Disc Edition Horizon Forbidden West Bundle with Extra Controller and Grip Kit - Nova Pink,$869.00,Free Shipping,NaN
292,"PlayStation 5 Disc Edition Bundle with Additional Mytrix Upgraded PS5 Controller with Remappable Back Paddles and Turbo Function, and Hard Shell Protective Controller Case",$844.99,Free Shipping,NaN
293,Sony PlayStation 5 Digital Edition Horizon Forbidden West Bundle with Extra Controller and Keypad - Glacier White,$849.00,Free Shipping,NaN
294,Sony PlayStation 5 Digital Edition Horizon Forbidden West Bundle with Extra Controller and Grip Kit - Nova Pink,$849.00,Free Shipping,NaN
295,Sony PlayStation 5 Disc Edition Horizon Forbidden West Bundle with Extra Controller and Keypad - Nova Pink,$869.00,Free Shipping,NaN
296,"Playstation 5 Digital Console, Bundle - Additional DualSense Controller and HD Camera, JAWFOAL HDMI Cable",$949.99,Free Shipping,NaN
297,Sony PlayStation 5 Digital Edition Horizon Forbidden West Bundle with Extra Controller and Accessory Kit - Glacier White,$869.00,Free Shipping,NaN
298,"Kinect 2.0 AC Adapter Power Supply For Windows PC / Xbox One S / X, US Plug",$43.87 ,Free Shipping,NaN
299,PlayStation 5 Upgraded 1.8TB Disc Edition God of War Ragnarok Bundle with It Takes 2 and Mytrix Controller Case,$874.99,Free Shipping,NaN
300,PlayStation 5 Upgraded 1.8TB Disc Edition God of War Ragnarok Bundle with The Last of Us and Mytrix Controller Charger,$874.99,Free Shipping,NaN
301,PlayStation 5 Upgraded 1.8TB Disc Edition God of War Ragnarok Bundle with God of War and Mytrix Controller Case,$869.99,Free Shipping,NaN
302,PlayStation 5 Upgraded 1.8TB Disc Edition God of War Ragnarok Bundle with Watch Dogs Legion and Mytrix Controller Case,$869.99,Free Shipping,NaN
303,PlayStation 5 Upgraded 1.8TB Disc Edition God of War Ragnarok Bundle with Ratchet & Clank and Mytrix Controller Case,$874.99,Free Shipping,NaN
304,PlayStation 5 Upgraded 1.8TB Disc Edition God of War Ragnarok Bundle with Star Wars Battlefront 2 and Mytrix Controller Case,$869.99,Free Shipping,NaN
305,PlayStation 5 Upgraded 1.8TB Disc Edition God of War Ragnarok Bundle with The Last of Us and Mytrix Controller Case,$869.99,Free Shipping,NaN
306,PlayStation 5 Upgraded 1.8TB Disc Edition God of War Ragnarok Bundle with God of War and Mytrix Controller Charger,$874.99,Free Shipping,NaN
307,PlayStation 5 Upgraded 1.8TB Disc Edition God of War Ragnarok Bundle with Watch Dogs Legion and Mytrix Controller Charger,$874.99,Free Shipping,NaN
308,PlayStation 5 Upgraded 1.8TB Disc Edition God of War Ragnarok Bundle with Resident Evil 7 and Mytrix Controller Charger,$874.99,Free Shipping,NaN
309,PlayStation 5 Upgraded 1.8TB Disc Edition God of War Ragnarok Bundle with Resident Evil 7 and Mytrix Controller Case,$869.99,Free Shipping,NaN
310,PlayStation 5 Upgraded 1.8TB Disc Edition God of War Ragnarok Bundle with Star Wars Battlefront 2 and Mytrix Controller Charger,$874.99,Free Shipping,NaN
311,PlayStation 5 Upgraded 1.8TB Disc Edition God of War Ragnarok Bundle with Cyberpunk 2077 and Mytrix Controller Case,$874.99,Free Shipping,NaN
312,PlayStation 5 Upgraded 1.8TB Disc Edition God of War Ragnarok Bundle with Resident Evil 8 and Mytrix Controller Case,$884.99,Free Shipping,NaN
313,PlayStation 5 Upgraded 1.8TB Disc Edition God of War Ragnarok Bundle with Far Cry 6 and Mytrix Controller Case,$879.99,Free Shipping,NaN
314,PlayStation 5 Upgraded 1.8TB Disc Edition God of War Ragnarok Bundle with Horizon Zero Dawn and Mytrix Controller Case,$884.99,Free Shipping,NaN
315,PlayStation 5 Upgraded 1.8TB Disc Edition God of War Ragnarok Bundle with Ratchet & Clank and Mytrix Controller Charger,$879.99,Free Shipping,NaN
316,PlayStation 5 Upgraded 1.8TB Disc Edition God of War Ragnarok Bundle with It Takes 2 and Mytrix Controller Charger,$879.99,Free Shipping,NaN
317,PlayStation 5 Upgraded 1.8TB Disc Edition God of War Ragnarok Bundle with Rainbow 6 Extraction and Mytrix Controller Charger,$884.99,Free Shipping,NaN
318,PlayStation 5 Upgraded 1.8TB Disc Edition God of War Ragnarok Bundle with Cyberpunk 2077 and Mytrix Controller Charger,$879.99,Free Shipping,NaN
319,PlayStation 5 Upgraded 1.8TB Disc Edition God of War Ragnarok Bundle with Uncharted 4 and Mytrix Controller Case,$884.99,Free Shipping,NaN
320,PlayStation 5 Upgraded 1.8TB Disc Edition God of War Ragnarok Bundle with Far Cry 6 and Mytrix Controller Charger,$884.99,Free Shipping,NaN
321,PlayStation 5 Upgraded 1.8TB Disc Edition God of War Ragnarok Bundle with Rainbow 6 Extraction and Mytrix Controller Case,$879.99,Free Shipping,NaN
322,PlayStation 5 Upgraded 1.8TB Disc Edition God of War Ragnarok Bundle with Horizon Zero Dawn and Mytrix Controller Charger,$889.99,Free Shipping,NaN
323,PlayStation 5 Upgraded 1.8TB Disc Edition God of War Ragnarok Bundle with AC Valhalla and Mytrix Controller Charger,$894.99,Free Shipping,NaN
324,PlayStation 5 Upgraded 1.8TB Disc Edition God of War Ragnarok Bundle with Deathloop and Mytrix Controller Charger,$894.99,Free Shipping,NaN
325,PlayStation 5 Upgraded 1.8TB Disc Edition God of War Ragnarok Bundle with Uncharted 4 and Mytrix Controller Charger,$889.99,Free Shipping,NaN
326,PlayStation 5 Upgraded 1.8TB Disc Edition God of War Ragnarok Bundle with AC Valhalla and Mytrix Controller Case,$894.99,Free Shipping,NaN
327,PlayStation 5 Upgraded 1.8TB Disc Edition God of War Ragnarok Bundle with Deathloop and Mytrix Controller Case,$889.99,Free Shipping,NaN
328,PlayStation 5 Upgraded 1.8TB Disc Edition God of War Ragnarok Bundle with Demon's Souls and Mytrix Controller Case,$894.99,Free Shipping,NaN
329,PlayStation 5 Upgraded 1.8TB Disc Edition God of War Ragnarok Bundle with Ghost of Tsushima and Mytrix Controller Case,$904.99,Free Shipping,NaN
330,PlayStation 5 Upgraded 1.8TB Disc Edition God of War Ragnarok Bundle with Miles Morales  and Mytrix Controller Charger,$904.99,Free Shipping,NaN
331,PlayStation 5 Upgraded 1.8TB Disc Edition God of War Ragnarok Bundle with Ghost of Tsushima Director's Cut and Mytrix Controller Case,$904.99,Free Shipping,NaN
332,PlayStation 5 Upgraded 1.8TB Disc Edition God of War Ragnarok Bundle with Demon's Souls and Mytrix Controller Charger,$899.99,Free Shipping,NaN
333,PlayStation 5 Upgraded 1.8TB Disc Edition God of War Ragnarok Bundle with Death Stranding and Mytrix Controller Charger,$899.99,Free Shipping,NaN
334,PlayStation 5 Upgraded 1.8TB Disc Edition God of War Ragnarok Bundle with Dying Light 2 and Mytrix Controller Case,$904.99,Free Shipping,NaN
335,PlayStation 5 Upgraded 1.8TB Disc Edition God of War Ragnarok Bundle with COD Vanguard and Mytrix Controller Case,$909.99,Free Shipping,NaN
336,PlayStation 5 Upgraded 1.8TB Disc Edition God of War Ragnarok Bundle with Ghost of Tsushima and Mytrix Controller Charger,$909.99,Free Shipping,NaN
337,PlayStation 5 Upgraded 1.8TB Disc Edition God of War Ragnarok Bundle with Elden Ring and Mytrix Controller Case,$909.99,Free Shipping,NaN
338,PlayStation 5 Upgraded 1.8TB Disc Edition God of War Ragnarok Bundle with Dying Light 2 and Mytrix Controller Charger,$909.99,Free Shipping,NaN
339,PlayStation 5 Upgraded 1.8TB Disc Edition God of War Ragnarok Bundle with Ghost of Tsushima and Mytrix Controller Charger,$909.99,Free Shipping,NaN
340,PlayStation 5 Upgraded 1.8TB Disc Edition God of War Ragnarok Bundle with Elden Ring and Mytrix Controller Charger,$914.99,Free Shipping,NaN
341,"PS5 Bundle - Includes PlayStation 5 Console - Pulse 3D Headset - DualSense Charging Station - HD Camera, JAWFOAL HDMI Cable","$1,200.",Free Shipping,NaN
342,DOBE for Xbox One/One X/One S Universal Game Controller Dual Charger Dock Station with Micro Adapter,$32.96 ,Free Shipping,NaN
343,DOBE TYX-0625 Charging Dock With Battery For Xbox Series,$33.03 ,Free Shipping,NaN
344,Wireless Handle Receiver 2.4G Wireless Receiver Conversion PC Receiver For XBOX ONE,$28.53 ,Free Shipping,NaN
345,DOBE TYX-19006X Dual Charging Station With Battery For Xbox One,$26.58 ,Free Shipping,NaN
346,DOBE TYX-532X Charging Dock Dual Charging Station With Battery For Xbox Series,$21.18 ,Free Shipping,NaN
347,SND-362 Rechargeable Battery x 2 + USB Cable + Charging Dock Station with LED Indicator for X-ONE Wireless Controller,$20.65 ,Free Shipping,NaN
348,DOBE TYX-532S For Xbox ONE S  Gamepad White Two-seater Rechargeable Battery Charger Set,$19.04 ,Free Shipping,NaN
349,IV-P5234 Gamepad Aircraft Two-Seater Charger For PS5,$16.05 ,Free Shipping,NaN
350,DOBE TYX-583 Game Host Dustproof Net Dust Plug KIt for Xbox One Slim Console,$15.19 ,Free Shipping,NaN
351,"PS5 PS4 Camera Adapter Cable, Play PS VR on PS5 Playstation 5, Converter Connecting Cable for PS4 PSVR to PS5 Console",$20.49 ,Free Shipping,NaN
352,New PlayStation 5 Console - Call of Duty Modern Warfare II Bundle,,,NaN
353,PlayStation®5 Digital Edition – Horizon Forbidden West™ Bundle,$449.99,$7.96 Shipping,NaN
354,PlayStation 5 Digital Console  God of War Ragnarok Bundle with Extra Controller + PlayStation 4 Slim 1TB Console,$729.00,Free Shipping,NaN
355,"PlayStation 5 Disc Edition Call of Duty Modern Warfare II Bundle, an Additional Mytrix Upgraded PS5 Controller with Remappable Back Paddles and Turbo Function, Hard Shell Protective Controller Case",$894.99,Free Shipping,NaN
356,PlayStation 5 Disc Edition Call of Duty Modern Warfare II Bundle with Two Controllers White and Galactic Purple DualSense and Mytrix Hard Shell Protective Controller Case,$844.99,Free Shipping,NaN
357,Playstation 5 Disc Edition Call of Duty Modern Warfare II Bundle with Watch Dogs Legion and Mytrix Controller Charger,$814.99,Free Shipping,NaN
358,PlayStation 5 Upgraded 1.8TB Disc Edition Call of Duty Modern Warfare II Bundle with God of War and Mytrix Controller Case,$939.99,Free Shipping,NaN
359,"omarando PS5 Console Carrying Storage Case ,Compatible PS5 CD-ROM and Digital Edition,Nylon Waterproof Material,Zinc Alloy zipper, Including PS5 Game Controller Protection Case(Black-White))",$39.99 ,Free Shipping,NaN
360,PlayStation 5 Upgraded 1.8TB Disc Edition Call of Duty Modern Warfare II Bundle with Horizon Zero Dawn and Mytrix Controller Case,$954.99,Free Shipping,NaN
361,PlayStation 5 Disc Edition Call of Duty Modern Warfare II Bundle with Star Wars Battlefront 2 and Mytrix Controller Case,$809.99,Free Shipping,NaN
362,PlayStation 5 Upgraded 1.8TB Disc Edition Call of Duty Modern Warfare II Bundle with Elden Ring and Mytrix Controller Charger,$984.99,Free Shipping,NaN
363,PlayStation 5 Disc Edition Call of Duty Modern Warfare II Bundle with Horizon Zero Dawn and Mytrix Controller Charger,$829.99,Free Shipping,NaN
364,PlayStation 5 Disc Edition Call of Duty Modern Warfare II Bundle with Two Controllers White and Cosmic Red DualSense and Mytrix Hard Shell Protective Controller Case,$854.99,Free Shipping,NaN
365,Playstation 5 1.8TB Upgraded Horizon Forbidden West Bundle with COD Vanguard and Mytrix Controller Charger,$979.99,Free Shipping,NaN
366,PlayStation 5 Upgraded 1.8TB Disc Edition Call of Duty Modern Warfare II Bundle with Horizon Zero Dawn and Mytrix Controller Charger,$959.99,Free Shipping,NaN
367,PlayStation 5 Disc Edition Call of Duty Modern Warfare II Bundle with Rainbow 6 Extraction and Mytrix Controller Charger,$824.99,Free Shipping,NaN
368,PlayStation 5 Upgraded 1.8TB Disc Edition Call of Duty Modern Warfare II Bundle with Watch Dogs Legion and Mytrix Controller Case,$939.99,Free Shipping,NaN
369,PlayStation 5 Disc Edition Call of Duty Modern Warfare II Bundle with Two Controllers White and Midnight Black DualSense and Mytrix Dual Controller Charger,$854.99,Free Shipping,NaN
370,PlayStation 5 Upgraded 1.8TB Disc Edition Call of Duty Modern Warfare II Bundle with Rainbow 6 Extraction and Mytrix Controller Case,$949.99,Free Shipping,NaN
371,Playstation 5 1.8TB Upgraded Horizon Forbidden West Bundle with Elden Ring and Mytrix Controller Charger,$984.99,Free Shipping,NaN
372,"omarando PS5 Console Carrying Storage  Case ,Compatible PS5 CD-ROM and Digital Edition, Nylon Waterproof Material,Zinc Alloy zipper, Including PS5 Game Controller Protection Case(Black-Blue)",$39.99 ,Free Shipping,NaN
373,PlayStation 5 Disc Edition Call of Duty Modern Warfare II Bundle with God of War and Mytrix Controller Case,$809.99,Free Shipping,NaN
374,Playstation 5 1.8TB Upgraded Horizon Forbidden West Bundle with Miles Morales  and Mytrix Controller Charger,$969.99,Free Shipping,NaN
375,"omarando PS5 Console Carrying Storage  Case ,Compatible PS5 CD-ROM and Digital Edition, Nylon Waterproof Material,Zinc Alloy zipper, Including PS5 Game Controller Protection Case(Black-White)",$39.99 ,Free Shipping,NaN
376,PlayStation 5 Disc Edition Call of Duty Modern Warfare II Bundle with Resident Evil 8 and Mytrix Controller Charger,$829.99,Free Shipping,NaN
377,PlayStation 5 Disc Edition Call of Duty Modern Warfare II Bundle with Two DualSense Controllers and Mytrix Dual Controller Charger,$854.99,Free Shipping,NaN
378,Playstation 5 Horizon Forbidden West Bundle with Ghost of Tsushima and Mytrix Controller Charger,$849.99,Free Shipping,NaN
379,PlayStation 5 Upgraded 1.8TB Disc Edition Call of Duty Modern Warfare II Bundle with Ratchet & Clank and Mytrix Controller Charger,$949.99,Free Shipping,NaN
380,PlayStation 5 Disc Edition Call of Duty Modern Warfare II Bundle with Two Controllers White and Nova Pink DualSense and Mytrix Dual Controller Charger,$854.99,Free Shipping,NaN
381,PlayStation 5 Upgraded 1.8TB Disc Edition Call of Duty Modern Warfare II Bundle with Uncharted 4 and Mytrix Controller Charger,$959.99,Free Shipping,NaN
382,Playstation 5 1.8TB Upgraded Horizon Forbidden West Bundle with Cyberpunk 2077 and Mytrix Controller Charger,$949.99,Free Shipping,NaN
383,PlayStation 5 Disc Edition Call of Duty Modern Warfare II Bundle with Ghost of Tsushima Director's Cut and Mytrix Controller Charger,$849.99,Free Shipping,NaN
384,PlayStation 5 Disc Edition Call of Duty Modern Warfare II Bundle with Far Cry 6 and Mytrix Controller Charger,$824.99,Free Shipping,NaN
385,PlayStation 5 Disc Edition Call of Duty Modern Warfare II Bundle with Two Controllers White and Galactic Purple DualSense and Mytrix Dual Controller Charger,$849.99,Free Shipping,NaN
386,PlayStation 5 Disc Edition Call of Duty Modern Warfare II Bundle with Two DualSense Controllers and Mytrix Hard Shell Protective Controller Case,$849.99,Free Shipping,NaN
387,PlayStation 5 Disc Edition Call of Duty Modern Warfare II Bundle with Two Controllers White and Cosmic Red DualSense and Mytrix Dual Controller Charger,$859.99,Free Shipping,NaN
388,Playstation 5 Horizon Forbidden West Bundle with Far Cry 6 and Mytrix Controller Charger,$824.99,Free Shipping,NaN
389,Playstation 5 1.8TB Upgraded Horizon Forbidden West Bundle with Demon's Souls and Mytrix Controller Charger,$969.99,Free Shipping,NaN
390,PlayStation 5 Disc Edition Call of Duty Modern Warfare II Bundle with Resident Evil 8 and Mytrix Controller Case,$824.99,Free Shipping,NaN
391,Playstation 5 Horizon Forbidden West Bundle with Resident Evil 7 and Mytrix Controller Charger,$814.99,Free Shipping,NaN
392,Playstation 5 Horizon Forbidden West Bundle with Ghost of Tsushima Director's Cut and Mytrix Controller Charger,$849.99,Free Shipping,NaN
393,Playstation 5 1.8TB Upgraded Horizon Forbidden West Bundle with Uncharted 4 and Mytrix Controller Charger,$959.99,Free Shipping,NaN
394,PlayStation 5 Disc Edition Call of Duty Modern Warfare II Bundle with Ghost of Tsushima and Mytrix Controller Case,$844.99,Free Shipping,NaN
395,PlayStation 5 Disc Edition Call of Duty Modern Warfare II Bundle with Two Controllers White and Starlight Blue DualSense and Mytrix Hard Shell Protective Controller Case,$849.99,Free Shipping,NaN
396,Playstation 5 Horizon Forbidden West Bundle with It Takes 2 and Mytrix Controller Charger,$819.99,Free Shipping,NaN
397,PlayStation 5 Upgraded 1.8TB Disc Edition Call of Duty Modern Warfare II Bundle with Resident Evil 8 and Mytrix Controller Case,$954.99,Free Shipping,NaN
398,Playstation 5 Horizon Forbidden West Bundle with Horizon Zero Dawn and Mytrix Controller Charger,$829.99,Free Shipping,NaN
399,PlayStation 5 Disc Edition Call of Duty Modern Warfare II Bundle with Ratchet & Clank and Mytrix Controller Case,$814.99,Free Shipping,NaN
400,PlayStation 5 Upgraded 1.8TB Disc Edition God of War Ragnarok Bundle with Security Breach and Mytrix Controller Case,$889.99,Free Shipping,NaN
401,PlayStation 5 Disc Edition Call of Duty Modern Warfare II Bundle with Ghost of Tsushima Director's Cut and Mytrix Controller Case,$844.99,Free Shipping,NaN
402,PlayStation 5 Disc Edition Call of Duty Modern Warfare II Bundle with Ratchet & Clank and Mytrix Controller Charger,$819.99,Free Shipping,NaN
403,PlayStation 5 Upgraded 1.8TB Disc Edition Call of Duty Modern Warfare II Bundle with Ghost of Tsushima and Mytrix Controller Case,$974.99,Free Shipping,NaN
404,Playstation 5 Horizon Forbidden West Bundle with Ratchet & Clank and Mytrix Controller Charger,$819.99,Free Shipping,NaN
405,PlayStation 5 Upgraded 1.8TB Disc Edition Call of Duty Modern Warfare II Bundle with Deathloop and Mytrix Controller Charger,$964.99,Free Shipping,NaN
406,PlayStation 5 Disc Edition Call of Duty Modern Warfare II Bundle with The Last of Us and Mytrix Controller Case,$809.99,Free Shipping,NaN
407,Playstation 5 Horizon Forbidden West Bundle with Elden Ring and Mytrix Controller Charger,$854.99,Free Shipping,NaN
408,PlayStation 5 Upgraded 1.8TB Disc Edition Call of Duty Modern Warfare II Bundle with Star Wars Battlefront 2 and Mytrix Controller Case,$939.99,Free Shipping,NaN
409,Playstation 5 1.8TB Upgraded Horizon Forbidden West Bundle with Death Stranding and Mytrix Controller Charger,$969.99,Free Shipping,NaN
410,Playstation 5 1.8TB Upgraded Horizon Forbidden West Bundle with Ghost of Tsushima and Mytrix Controller Charger,$979.99,Free Shipping,NaN
411,Playstation 5 Horizon Forbidden West Bundle with Star Wars Battlefront 2 and Mytrix Controller Charger,$814.99,Free Shipping,NaN
412,PlayStation 5 Upgraded 1.8TB Disc Edition Call of Duty Modern Warfare II Bundle with Demon's Souls and Mytrix Controller Case,$964.99,Free Shipping,NaN
413,PlayStation 5 Disc Edition Call of Duty Modern Warfare II Bundle with Spider Man Miles Morales and Mytrix Controller Charger,$839.99,Free Shipping,NaN
414,PlayStation 5 Upgraded 1.8TB Disc Edition Call of Duty Modern Warfare II Bundle with Resident Evil 7 and Mytrix Controller Case,$939.99,Free Shipping,NaN
415,PlayStation 5 Upgraded 1.8TB Disc Edition Call of Duty Modern Warfare II Bundle with Dying Light 2 and Mytrix Controller Case,$974.99,Free Shipping,NaN
416,Playstation 5 Horizon Forbidden West Bundle with Watch Dogs Legion and Mytrix Controller Charger,$814.99,Free Shipping,NaN
417,PlayStation 5 Disc Edition Call of Duty Modern Warfare II Bundle with COD Vanguard and Mytrix Controller Charger,$849.99,Free Shipping,NaN
418,PlayStation 5 Upgraded 1.8TB Disc Edition Call of Duty Modern Warfare II Bundle with Miles Morales  and Mytrix Controller Charger,$969.99,Free Shipping,NaN
419,Playstation 5 1.8TB Upgraded Horizon Forbidden West Bundle with Horizon Zero Dawn and Mytrix Controller Charger,$959.99,Free Shipping,NaN
420,Playstation 5 Horizon Forbidden West Bundle with COD Vanguard and Mytrix Controller Charger,$849.99,Free Shipping,NaN
421,PlayStation 5 Disc Edition Call of Duty Modern Warfare II Bundle with Dying Light 2 and Mytrix Controller Case,$844.99,Free Shipping,NaN
422,PlayStation 5 Disc Edition Call of Duty Modern Warfare II Bundle with Ghost of Tsushima and Mytrix Controller Charger,$849.99,Free Shipping,NaN
423,PlayStation 5 Upgraded 1.8TB Disc Edition Call of Duty Modern Warfare II Bundle with It Takes 2 and Mytrix Controller Charger,$949.99,Free Shipping,NaN
424,Playstation 5 Horizon Forbidden West Bundle with AC Valhalla and Mytrix Controller Charger,$834.99,Free Shipping,NaN
425,PlayStation 5 Disc Edition Call of Duty Modern Warfare II Bundle with Cyberpunk 2077 and Mytrix Controller Charger,$819.99,Free Shipping,NaN
426,PlayStation 5 Upgraded 1.8TB Disc Edition Call of Duty Modern Warfare II Bundle with Ghost of Tsushima Director's Cut and Mytrix Controller Case,$974.99,Free Shipping,NaN
427,Playstation 5 1.8TB Upgraded Horizon Forbidden West Bundle with Watch Dogs Legion and Mytrix Controller Charger,$944.99,Free Shipping,NaN
428,PlayStation 5 Upgraded 1.8TB Disc Edition Call of Duty Modern Warfare II Bundle with Demon's Souls and Mytrix Controller Charger,$969.99,Free Shipping,NaN
429,PlayStation 5 Upgraded 1.8TB Disc Edition Call of Duty Modern Warfare II Bundle with Cyberpunk 2077 and Mytrix Controller Charger,$949.99,Free Shipping,NaN
430,PlayStation 5 Disc Edition Call of Duty Modern Warfare II Bundle with Two Controllers White and Midnight Black DualSense and Mytrix Hard Shell Protective Controller Case,$849.99,Free Shipping,NaN
431,PlayStation 5 Upgraded 1.8TB Disc Edition Call of Duty Modern Warfare II Bundle with AC Valhalla and Mytrix Controller Case,$959.99,Free Shipping,NaN
432,Playstation 5 Horizon Forbidden West Bundle with Miles Morales  and Mytrix Controller Charger,$839.99,Free Shipping,NaN
433,Playstation 5 1.8TB Upgraded Horizon Forbidden West Bundle with Rainbow 6 Extraction and Mytrix Controller Charger,$954.99,Free Shipping,NaN
434,Playstation 5 1.8TB Upgraded Horizon Forbidden West Bundle with It Takes 2 and Mytrix Controller Charger,$949.99,Free Shipping,NaN
435,PlayStation 5 Disc Edition Call of Duty Modern Warfare II Bundle with Uncharted 4 and Mytrix Controller Case,$824.99,Free Shipping,NaN
436,PlayStation 5 Upgraded 1.8TB Disc Edition Call of Duty Modern Warfare II Bundle with COD Vanguard and Mytrix Controller Case,$974.99,Free Shipping,NaN
437,PlayStation 5 Upgraded 1.8TB Disc Edition Call of Duty Modern Warfare II Bundle with Watch Dogs Legion and Mytrix Controller Charger,$944.99,Free Shipping,NaN
438,PlayStation 5 Upgraded 1.8TB Disc Edition Call of Duty Modern Warfare II Bundle with AC Valhalla and Mytrix Controller Charger,$964.99,Free Shipping,NaN
439,PlayStation 5 Disc Edition Call of Duty Modern Warfare II Bundle with COD Vanguard and Mytrix Controller Case,$844.99,Free Shipping,NaN
440,PlayStation 5 Disc Edition Call of Duty Modern Warfare II Bundle with Resident Evil 7 and Mytrix Controller Charger,$814.99,Free Shipping,NaN
441,Playstation 5 1.8TB Upgraded Horizon Forbidden West Bundle with Ghost of Tsushima Director's Cut and Mytrix Controller Charger,$979.99,Free Shipping,NaN
442,PlayStation 5 Upgraded 1.8TB Disc Edition God of War Ragnarok Bundle with Security Breach and Mytrix Controller Charger,$894.99,Free Shipping,NaN
443,PlayStation 5 Disc Edition Call of Duty Modern Warfare II Bundle with Dying Light 2 and Mytrix Controller Charger,$849.99,Free Shipping,NaN
444,Playstation 5 Horizon Forbidden West Bundle with Resident Evil 8 and Mytrix Controller Charger,$829.99,Free Shipping,NaN
445,PlayStation 5 Upgraded 1.8TB Disc Edition Call of Duty Modern Warfare II Bundle with Rainbow 6 Extraction and Mytrix Controller Charger,$954.99,Free Shipping,NaN
446,Playstation 5 1.8TB Upgraded Horizon Forbidden West Bundle with AC Valhalla and Mytrix Controller Charger,$964.99,Free Shipping,NaN
447,PlayStation 5 Disc Edition Call of Duty Modern Warfare II Bundle with Deathloop and Mytrix Controller Charger,$834.99,Free Shipping,NaN
448,PlayStation 5 Disc Edition Call of Duty Modern Warfare II Bundle with It Takes Two and Mytrix Controller Charger,$819.99,Free Shipping,NaN
449,PlayStation 5 Upgraded 1.8TB Disc Edition Call of Duty Modern Warfare II Bundle with Ghost of Tsushima and Mytrix Controller Charger,$979.99,Free Shipping,NaN
450,Playstation 5 1.8TB Upgraded Horizon Forbidden West Bundle with Star Wars Battlefront 2 and Mytrix Controller Charger,$944.99,Free Shipping,NaN
451,PlayStation 5 Upgraded 1.8TB Disc Edition Call of Duty Modern Warfare II Bundle with God of War and Mytrix Controller Charger,$944.99,Free Shipping,NaN
452,PlayStation 5 Upgraded 1.8TB Disc Edition Call of Duty Modern Warfare II Bundle with COD Vanguard and Mytrix Controller Charger,$979.99,Free Shipping,NaN
453,PlayStation 5 Upgraded 1.8TB Disc Edition Call of Duty Modern Warfare II Bundle with The Last of Us and Mytrix Controller Case,$939.99,Free Shipping,NaN
454,PlayStation 5 Disc Edition Call of Duty Modern Warfare II Bundle with It Takes Two and Mytrix Controller Case,$814.99,Free Shipping,NaN
455,Playstation 5 Horizon Forbidden West Bundle with Cyberpunk 2077 and Mytrix Controller Charger,$819.99,Free Shipping,NaN
456,PlayStation 5 Upgraded 1.8TB Disc Edition Call of Duty Modern Warfare II Bundle with Death Stranding and Mytrix Controller Case,$964.99,Free Shipping,NaN
457,Playstation 5 Horizon Forbidden West Bundle with Death Stranding and Mytrix Controller Charger,$839.99,Free Shipping,NaN
458,PlayStation 5 Disc Edition Call of Duty Modern Warfare II Bundle with Two Controllers White and Nova Pink DualSense and Mytrix Hard Shell Protective Controller Case,$849.99,Free Shipping,NaN
459,Playstation 5 Horizon Forbidden West Bundle with It Takes 2 and Mytrix Controller Charger,$819.99,Free Shipping,NaN
460,PlayStation 5 Upgraded 1.8TB Disc Edition Call of Duty Modern Warfare II Bundle with Resident Evil 8 and Mytrix Controller Case,$954.99,Free Shipping,NaN
461,Playstation 5 Horizon Forbidden West Bundle with Horizon Zero Dawn and Mytrix Controller Charger,$829.99,Free Shipping,NaN
462,PlayStation 5 Disc Edition Call of Duty Modern Warfare II Bundle with Elden Ring and Mytrix Controller Charger,$854.99,Free Shipping,NaN
463,PlayStation 5 Upgraded 1.8TB Disc Edition Call of Duty Modern Warfare II Bundle with Star Wars Battlefront 2 and Mytrix Controller Charger,$944.99,Free Shipping,NaN
464,PlayStation 5 Upgraded 1.8TB Disc Edition Call of Duty Modern Warfare II Bundle with Resident Evil 7 and Mytrix Controller Charger,$944.99,Free Shipping,NaN
465,PlayStation 5 Disc Edition Call of Duty Modern Warfare II Bundle with The Last of Us and Mytrix Controller Charger,$814.99,Free Shipping,NaN
466,PlayStation 5 Upgraded 1.8TB Disc Edition Call of Duty Modern Warfare II Bundle with Deathloop and Mytrix Controller Charger,$964.99,Free Shipping,NaN
467,PlayStation 5 Disc Edition Call of Duty Modern Warfare II Bundle with The Last of Us and Mytrix Controller Case,$809.99,Free Shipping,NaN
468,PlayStation 5 Upgraded 1.8TB Disc Edition Call of Duty Modern Warfare II Bundle with Far Cry 6 and Mytrix Controller Case,$949.99,Free Shipping,NaN
469,PlayStation 5 Disc Edition God of War Ragnarok Bundle with Five Nights at Freddy's Security Breach and Mytrix Controller Charger,$764.99,Free Shipping,NaN
470,PlayStation 5 Disc Edition Call of Duty Modern Warfare II Bundle with Cyberpunk 2077 and Mytrix Controller Case,$814.99,Free Shipping,NaN
471,PlayStation 5 Upgraded 1.8TB Disc Edition Call of Duty Modern Warfare II Bundle with Death Stranding and Mytrix Controller Charger,$969.99,Free Shipping,NaN
472,PlayStation 5 Upgraded 1.8TB Disc Edition Call of Duty Modern Warfare II Bundle with Deathloop and Mytrix Controller Case,$959.99,Free Shipping,NaN
473,PlayStation 5 Upgraded 1.8TB Disc Edition Call of Duty Modern Warfare II Bundle with Ratchet & Clank and Mytrix Controller Case,$944.99,Free Shipping,NaN
474,PlayStation 5 Upgraded 1.8TB Disc Edition Call of Duty Modern Warfare II Bundle with Resident Evil 8 and Mytrix Controller Charger,$959.99,Free Shipping,NaN
475,PlayStation 5 Disc Edition Call of Duty Modern Warfare II Bundle with Far Cry 6 and Mytrix Controller Case,$819.99,Free Shipping,NaN
476,PlayStation 5 Disc Edition Call of Duty Modern Warfare II Bundle with Two Controllers White and Starlight Blue DualSense and Mytrix Dual Controller Charger,$854.99,Free Shipping,NaN
477,PlayStation 5 Disc Edition Call of Duty Modern Warfare II Bundle with Death Stranding and Mytrix Controller Case,$834.99,Free Shipping,NaN
478,PlayStation 5 Disc Edition Call of Duty Modern Warfare II Bundle with AC Valhalla and Mytrix Controller Charger,$834.99,Free Shipping,NaN
479,PlayStation 5 Disc Edition Call of Duty Modern Warfare II Bundle with Spider Man Miles Morales and Mytrix Controller Case,$839.99,Free Shipping,NaN
480,Playstation 5 1.8TB Upgraded Horizon Forbidden West Bundle with Deathloop and Mytrix Controller Charger,$964.99,Free Shipping,NaN
481,PlayStation 5 Disc Edition Call of Duty Modern Warfare II Bundle with AC Valhalla and Mytrix Controller Case,$829.99,Free Shipping,NaN
482,Playstation 5 1.8TB Upgraded Horizon Forbidden West Bundle with Ghost of Tsushima Director's Cut and Mytrix Controller Charger,$979.99,Free Shipping,NaN
483,PlayStation 5 Upgraded 1.8TB Disc Edition God of War Ragnarok Bundle with Security Breach and Mytrix Controller Charger,$894.99,Free Shipping,NaN
484,PlayStation 5 Disc Edition Call of Duty Modern Warfare II Bundle with Dying Light 2 and Mytrix Controller Charger,$849.99,Free Shipping,NaN
485,Playstation 5 Horizon Forbidden West Bundle with Resident Evil 8 and Mytrix Controller Charger,$829.99,Free Shipping,NaN
486,PlayStation 5 Upgraded 1.8TB Disc Edition Call of Duty Modern Warfare II Bundle with Rainbow 6 Extraction and Mytrix Controller Charger,$954.99,Free Shipping,NaN
487,Playstation 5 1.8TB Upgraded Horizon Forbidden West Bundle with AC Valhalla and Mytrix Controller Charger,$964.99,Free Shipping,NaN
488,Playstation 5 Horizon Forbidden West Bundle with Death Stranding and Mytrix Controller Charger,$839.99,Free Shipping,NaN
489,PlayStation 5 Disc Edition Call of Duty Modern Warfare II Bundle with Two Controllers White and Nova Pink DualSense and Mytrix Hard Shell Protective Controller Case,$849.99,Free Shipping,NaN
490,Playstation 5 Horizon Forbidden West Bundle with It Takes 2 and Mytrix Controller Charger,$819.99,Free Shipping,NaN
491,PlayStation 5 Upgraded 1.8TB Disc Edition Call of Duty Modern Warfare II Bundle with Resident Evil 8 and Mytrix Controller Case,$954.99,Free Shipping,NaN
492,Playstation 5 Horizon Forbidden West Bundle with Horizon Zero Dawn and Mytrix Controller Charger,$829.99,Free Shipping,NaN
493,PlayStation 5 Upgraded 1.8TB Disc Edition Call of Duty Modern Warfare II Bundle with Miles Morales  and Mytrix Controller Charger,$969.99,Free Shipping,NaN
494,Playstation 5 1.8TB Upgraded Horizon Forbidden West Bundle with Horizon Zero Dawn and Mytrix Controller Charger,$959.99,Free Shipping,NaN
495,Playstation 5 Horizon Forbidden West Bundle with COD Vanguard and Mytrix Controller Charger,$849.99,Free Shipping,NaN
496,PlayStation 5 Disc Edition Call of Duty Modern Warfare II Bundle with Dying Light 2 and Mytrix Controller Case,$844.99,Free Shipping,NaN
497,PlayStation 5 Disc Edition Call of Duty Modern Warfare II Bundle with Ghost of Tsushima and Mytrix Controller Charger,$849.99,Free Shipping,NaN
498,PlayStation 5 Upgraded 1.8TB Disc Edition Call of Duty Modern Warfare II Bundle with It Takes 2 and Mytrix Controller Charger,$949.99,Free Shipping,NaN
499,Playstation 5 Horizon Forbidden West Bundle with AC Valhalla and Mytrix Controller Charger,$834.99,Free Shipping,NaN
500,PlayStation 5 Disc Edition Call of Duty Modern Warfare II Bundle with Cyberpunk 2077 and Mytrix Controller Charger,$819.99,Free Shipping,NaN
501,PlayStation 5 Upgraded 1.8TB Disc Edition Call of Duty Modern Warfare II Bundle with Ghost of Tsushima Director's Cut and Mytrix Controller Case,$974.99,Free Shipping,NaN
502,Playstation 5 1.8TB Upgraded Horizon Forbidden West Bundle with Watch Dogs Legion and Mytrix Controller Charger,$944.99,Free Shipping,NaN
503,PlayStation 5 Upgraded 1.8TB Disc Edition Call of Duty Modern Warfare II Bundle with Demon's Souls and Mytrix Controller Charger,$969.99,Free Shipping,NaN
504,PlayStation 5 Disc Edition Call of Duty Modern Warfare II Bundle with God of War and Mytrix Controller Charger,$814.99,Free Shipping,NaN
505,PlayStation 5 Disc Edition God of War Ragnarok Bundle with Five Nights at Freddy's Security Breach and Mytrix Controller Case,$759.99,Free Shipping,NaN
506,PlayStation 5 Disc Edition Call of Duty Modern Warfare II Bundle with Deathloop and Mytrix Controller Case,$829.99,Free Shipping,NaN
507,Playstation 5 Horizon Forbidden West Bundle with The Last of Us and Mytrix Controller Charger,$814.99,Free Shipping,NaN
508,PlayStation®5 Digital Edition – Horizon Forbidden West™ Bundle and PlayStation PULSE 3D Wireless Headset and PlayStation DualSense Wireless Controller - Nova Pink,$624.97,,NaN
509,PlayStation®5 Digital Edition – Horizon Forbidden West™ Bundle and PlayStation PULSE 3D Wireless Headset and PlayStation DualSense Wireless Controller - Galactic Purple,$624.97,,NaN
510,PlayStation®5 Digital Edition – Horizon Forbidden West™ Bundle and PlayStation PULSE 3D Wireless Headset and PlayStation DualSense Wireless Controller - Cosmic Red,$624.97,,NaN
511,PlayStation®5 Digital Edition – Horizon Forbidden West™ Bundle and PlayStation PULSE 3D Wireless Headset and PlayStation DualSense Wireless Controller - Starlight Blue,$624.97,,NaN
